,calmar,total_trades,total_return
PETR4,4.198675612160785,21.0,0.04198675612160785
VALE3,5.351957940217478,29.0,0.05351957940217478
ITUB4,1.5771954331145643,18.0,0.015771954331145643
