{
  "WDO$N": [
    {
      "strategy": "VOLATILITY_BREAKOUT",
      "params": {
        "rsi_low": 21,
        "rsi_high": 69,
        "adx_threshold": 35,
        "sl_mult": 2.446649028164181,
        "tp_mult": 2.5152496820686823,
        "base_slippage": 0.0005958997745462378,
        "volatility_multiplier": 0.7406744223135545,
        "vwap_dist_thresh": 0.5203258422847936
      },
      "metrics": {}
    }
  ]
}